[{
  "_id": {
    "$oid": "6757db3e7e5b8fb531096114"
  },
  "plat_nomor": "K 112 ABC",
  "jenis_kendaraan": "Motor",
  "kode_parkir": "PKR20241210001",
  "waktu_masuk": {
    "$date": "2024-12-10T06:10:06.847Z"
  },
  "status": "inactive",
  "created_at": {
    "$date": "2024-12-10T06:10:06.847Z"
  },
  "total_biaya": 10000,
  "waktu_keluar": {
    "$date": "2024-12-10T09:01:47.069Z"
  }
},
{
  "_id": {
    "$oid": "675805667e5b8fb531096115"
  },
  "plat_nomor": "K 112 ABC",
  "jenis_kendaraan": "Mobil",
  "kode_parkir": "PKR20241210002",
  "waktu_masuk": {
    "$date": "2024-12-10T09:09:58.438Z"
  },
  "status": "inactive",
  "created_at": {
    "$date": "2024-12-10T09:09:58.438Z"
  },
  "total_biaya": 0,
  "waktu_keluar": {
    "$date": "2024-12-10T09:12:21.760Z"
  }
},
{
  "_id": {
    "$oid": "6758430e7e5b8fb53109611a"
  },
  "kode_parkir": "2412109080",
  "plat_nomor": "K 123ABC",
  "jenis_kendaraan": "Motor",
  "waktu_masuk": {
    "$date": "2024-12-10T13:33:02.977Z"
  },
  "status": "inactive",
  "total_biaya": 0,
  "waktu_keluar": {
    "$date": "2024-12-10T13:40:34.936Z"
  }
},
{
  "_id": {
    "$oid": "675850d87e5b8fb53109611b"
  },
  "kode_parkir": "2412109897",
  "plat_nomor": "K 112 ABC",
  "jenis_kendaraan": "Motor",
  "waktu_masuk": {
    "$date": "2024-12-10T14:31:52.340Z"
  },
  "status": "inactive",
  "admin_id": "6757ccee5859b926cca13bf8",
  "total_biaya": 0,
  "waktu_keluar": {
    "$date": "2024-12-10T14:33:16.120Z"
  }
},
{
  "_id": {
    "$oid": "675851ee7e5b8fb53109611c"
  },
  "kode_parkir": "2412104727",
  "plat_nomor": "K 116 ABC",
  "jenis_kendaraan": "Mobil",
  "waktu_masuk": {
    "$date": "2024-12-10T14:36:30.800Z"
  },
  "status": "inactive",
  "admin_id": "6757ccee5859b926cca13bf8",
  "total_biaya": 0,
  "waktu_keluar": {
    "$date": "2024-12-10T14:36:37.167Z"
  }
},
{
  "_id": {
    "$oid": "675852027e5b8fb53109611d"
  },
  "kode_parkir": "2412105912",
  "plat_nomor": "K 116 ABC",
  "jenis_kendaraan": "Mobil",
  "waktu_masuk": {
    "$date": "2024-12-10T14:36:50.612Z"
  },
  "status": "inactive",
  "admin_id": "6757ccee5859b926cca13bf8",
  "total_biaya": 0,
  "waktu_keluar": {
    "$date": "2024-12-10T14:49:22.236Z"
  }
},
{
  "_id": {
    "$oid": "675855137e5b8fb53109611e"
  },
  "kode_parkir": "2412103954",
  "plat_nomor": "K 123 ABC",
  "jenis_kendaraan": "Motor",
  "waktu_masuk": {
    "$date": "2024-12-10T14:49:55.369Z"
  },
  "status": "inactive",
  "admin_id": "6757ccee5859b926cca13bf8",
  "total_biaya": 0,
  "waktu_keluar": {
    "$date": "2024-12-10T14:51:51.000Z"
  }
},
{
  "_id": {
    "$oid": "67585e297e5b8fb53109611f"
  },
  "kode_parkir": "2412106455",
  "plat_nomor": "B 234 NMK",
  "jenis_kendaraan": "Mobil",
  "waktu_masuk": {
    "$date": "2024-12-10T15:28:41.098Z"
  },
  "status": "inactive",
  "admin_id": "6757ccee5859b926cca13bf8",
  "total_biaya": 5000,
  "waktu_keluar": {
    "$date": "2024-12-10T16:31:10.262Z"
  }
},
{
  "_id": {
    "$oid": "675993e6b3ecae7c600051d4"
  },
  "kode_parkir": "2412119547",
  "plat_nomor": "K 116 ABC",
  "jenis_kendaraan": "Mobil",
  "waktu_masuk": {
    "$date": "2024-12-11T13:30:14.049Z"
  },
  "status": "inactive",
  "admin_id": "6757ccee5859b926cca13bf8",
  "total_biaya": 0,
  "waktu_keluar": {
    "$date": "2024-12-11T13:30:17.802Z"
  }
},
{
  "_id": {
    "$oid": "67599555b3ecae7c600051d5"
  },
  "kode_parkir": "2412117238",
  "plat_nomor": "K 119 ABC",
  "jenis_kendaraan": "Mobil",
  "waktu_masuk": {
    "$date": "2024-12-11T13:36:21.206Z"
  },
  "status": "active",
  "admin_id": "6757ccee5859b926cca13bf8"
},
{
  "_id": {
    "$oid": "6759967cb3ecae7c600051d6"
  },
  "kode_parkir": "2412118449",
  "plat_nomor": "K 119 ABC",
  "jenis_kendaraan": "Motor",
  "waktu_masuk": {
    "$date": "2024-12-11T13:41:16.918Z"
  },
  "status": "active",
  "admin_id": "6757ccee5859b926cca13bf8"
}]