[{
  "_id": {
    "$oid": "6757ccee5859b926cca13bf8"
  },
  "username": "admin",
  "password": "admin123",
  "nama": "Administrator",
  "created_at": {
    "$date": "2024-12-10T05:09:02.866Z"
  }
},
{
  "_id": {
    "$oid": "6758416e7e5b8fb531096118"
  },
  "username": "admin123",
  "password": "$2y$10$z8A1X04OucaVj9idQ9FRiuv8AQ0l5uQ/Cf9IekXpw6fJipMGXheUW",
  "email": "kaiisenat69@gmail.com",
  "created_at": {
    "$date": "2024-12-10T13:26:06.788Z"
  }
},
{
  "_id": {
    "$oid": "6758421a7e5b8fb531096119"
  },
  "username": "admin2",
  "password": "admin123",
  "email": "kaiisenat69@gmail.com",
  "created_at": {
    "$date": "2024-12-10T13:28:58.700Z"
  }
}]