[{
  "_id": {
    "$oid": "67599b92ac1abee0588f461c"
  },
  "plat_nomor": "B 1234 CD",
  "jenis_kendaraan": "Mobil",
  "waktu_masuk": {
    "$date": "2024-12-11T14:02:58.608Z"
  },
  "lokasi_parkir": "A1",
  "status_pembayaran": "lunas",
  "biaya": 32000,
  "waktu_keluar": {
    "$date": "2024-12-11T14:27:01.000Z"
  }
},
{
  "_id": {
    "$oid": "67599fe7b3ecae7c600051d7"
  },
  "plat_nomor": "K 112 ABC",
  "jenis_kendaraan": "Motor",
  "waktu_masuk": {
    "$date": "2024-12-11T14:21:27.000Z"
  },
  "lokasi_parkir": "Gate 1",
  "status_pembayaran": "lunas",
  "biaya": 16000,
  "waktu_keluar": {
    "$date": "2024-12-11T14:27:24.000Z"
  }
},
{
  "_id": {
    "$oid": "6759a972b3ecae7c600051d8"
  },
  "plat_nomor": "K 1127 ABC",
  "jenis_kendaraan": "Mobil",
  "waktu_masuk": {
    "$date": "2024-12-11T15:02:10.000Z"
  },
  "lokasi_parkir": "Gate 1",
  "status_pembayaran": "lunas",
  "biaya": 32000,
  "waktu_keluar": {
    "$date": "2024-12-11T15:07:07.000Z"
  }
},
{
  "_id": {
    "$oid": "6759ab6ab3ecae7c600051d9"
  },
  "plat_nomor": "B 234 NMK",
  "jenis_kendaraan": "Motor",
  "waktu_masuk": {
    "$date": "2024-12-11T15:10:34.000Z"
  },
  "lokasi_parkir": "Gate 1",
  "status_pembayaran": "lunas",
  "biaya": 4000,
  "waktu_keluar": {
    "$date": "2024-12-11T17:10:01.000Z"
  }
},
{
  "_id": {
    "$oid": "675bc4d42db1f346200c7066"
  },
  "plat_nomor": "B 2345 NMK",
  "jenis_kendaraan": "Mobil",
  "waktu_masuk": {
    "$date": "2024-12-13T05:23:32.000Z"
  },
  "lokasi_parkir": "Gate 1",
  "status_pembayaran": "lunas",
  "biaya": 4000,
  "waktu_keluar": {
    "$date": "2024-12-13T05:24:08.000Z"
  }
},
{
  "_id": {
    "$oid": "675e5288a469c778b70483c4"
  },
  "plat_nomor": "B 345 KJ",
  "jenis_kendaraan": "Motor",
  "waktu_masuk": {
    "$date": "2024-12-15T03:52:40.000Z"
  },
  "lokasi_parkir": "Gate 1",
  "status_pembayaran": "lunas",
  "biaya": 2000,
  "waktu_keluar": {
    "$date": "2024-12-15T03:54:02.000Z"
  }
},
{
  "_id": {
    "$oid": "675e52a9a469c778b70483c5"
  },
  "plat_nomor": "K 112 ABC",
  "jenis_kendaraan": "Motor",
  "waktu_masuk": {
    "$date": "2024-12-15T03:53:13.000Z"
  },
  "lokasi_parkir": "Gate 1",
  "status_pembayaran": "lunas",
  "biaya": 16000,
  "waktu_keluar": {
    "$date": "2024-12-15T11:51:34.000Z"
  }
},
{
  "_id": {
    "$oid": "67642bfe756a831e3b054674"
  },
  "plat_nomor": "K 112 ABC",
  "jenis_kendaraan": "Motor",
  "waktu_masuk": {
    "$date": "2024-12-19T14:21:50.000Z"
  },
  "lokasi_parkir": "Gate 1",
  "status_pembayaran": "lunas",
  "biaya": 2000,
  "waktu_keluar": {
    "$date": "2024-12-19T14:46:55.000Z"
  }
},
{
  "_id": {
    "$oid": "676431eb756a831e3b054675"
  },
  "plat_nomor": "B 234 NMK",
  "jenis_kendaraan": "Mobil",
  "waktu_masuk": {
    "$date": "2024-12-19T14:47:07.000Z"
  },
  "lokasi_parkir": "Gate 1",
  "status_pembayaran": "belum lunas"
}]