[{
  "_id": {
    "$oid": "6757cc7d5859b926cca13bf6"
  },
  "username": "admin",
  "password": "admin123",
  "nama": "Administrator",
  "created_at": {
    "$date": "2024-12-10T05:07:09.247Z"
  }
},
{
  "_id": {
    "$oid": "67583f897e5b8fb531096116"
  },
  "username": "admin1",
  "password": "$2y$10$nA1IpxBbWtVNJe7SXagO3enSDVqkgXLIUOKnfEliCvHHyzQ18oQ8i",
  "email": "kaiisenat69@gmail.com",
  "created_at": {
    "$date": "2024-12-10T13:18:01.909Z"
  }
},
{
  "_id": {
    "$oid": "675840227e5b8fb531096117"
  },
  "username": "admin123",
  "password": "$2y$10$7itKB5AaHYNrKc4RlsUO2uwbVcJ/HZD2hIMZiNXzLdbO1z8m171Ui",
  "email": "kaiisenat69@gmail.com",
  "created_at": {
    "$date": "2024-12-10T13:20:34.409Z"
  }
}]